fir_id,station,district,date,crime_type,accused_name,accused_description,location,modus_operandi,victim_profile,repeat_offender_signature,raw_text
FIR/2023/00001,Bharuch City PS,Bharuch,15-09-2023,Vehicle Theft,Nisha Vaghela,"migrant worker, resided near the incident site for 2 months",market parking,distracted owner and drove away,car owner,,Complainant reported a vehicle theft incident at market parking. An accused person was described as Nisha Vaghela. Modus operandi: distracted owner and drove away. Victim profile: car owner. No established connection to another FIR is recorded in this narrative.
FIR/2024/00002,Ankleshwar PS,Bharuch,15-12-2024,Kidnapping,Rakesh Singh,"dark complexion, regular visitor to the neighbourhood",victim's workplace,impersonated official to abduct,school student,,Complainant reported a kidnapping incident at victim's workplace. An accused person was described as Rakesh Singh. Modus operandi: impersonated official to abduct. Victim profile: school student. No established connection to another FIR is recorded in this narrative.
FIR/2022/00003,Kalavad Road PS,Rajkot,31-10-2022,Domestic Violence,Nisha Patel,"works as electrician, had access to the building",rented accommodation,locked victim inside house,elderly parent,,Complainant reported a domestic violence incident at rented accommodation. An accused person was described as Nisha Patel. Modus operandi: locked victim inside house. Victim profile: elderly parent. No established connection to another FIR is recorded in this narrative.
FIR/2022/00004,Harni PS,Vadodara,12-10-2022,Vehicle Theft,Sunita Thakkar,"woman in her 30s, used to visit victim's shop",residential society,cut steering lock,office-goer,,Complainant reported a vehicle theft incident at residential society. An accused person was described as Sunita Thakkar. Modus operandi: cut steering lock. Victim profile: office-goer. No established connection to another FIR is recorded in this narrative.
FIR/2023/00005,Kheralu PS,Mehsana,15-03-2023,Cybercrime - Harassment,Nisha Yadav,"has tattoo on right arm, frequent offender",fake profile,created fake profile to defame,student,,Complainant reported a cybercrime - harassment incident at fake profile. An accused person was described as Nisha Yadav. Modus operandi: created fake profile to defame. Victim profile: student. No established connection to another FIR is recorded in this narrative.
FIR/2024/00006,Mansa PS,Gandhinagar,12-05-2024,Chain Snatching,Kavita Bhavsar,"has previous record of theft, known to local beat officer",residential lane,grabbed chain near temple area,housewife,,Complainant reported a chain snatching incident at residential lane. An accused person was described as Kavita Bhavsar. Modus operandi: grabbed chain near temple area. Victim profile: housewife. No established connection to another FIR is recorded in this narrative.
FIR/2023/00007,Ankleshwar PS,Bharuch,20-02-2023,Robbery,Sapna Rabari,"has previous record of theft, known to local beat officer",late-night road,snatched bag and fled on bike,jeweller,,Complainant reported a robbery incident at late-night road. An accused person was described as Sapna Rabari. Modus operandi: snatched bag and fled on bike. Victim profile: jeweller. No established connection to another FIR is recorded in this narrative.
FIR/2024/00008,Savarkundla PS,Amreli,10-08-2024,Assault,Pramod Thakkar,"speaks with slight accent, claims to be from Rajasthan",neighbour's compound,hit with blunt object,neighbour,,Complainant reported a assault incident at neighbour's compound. An accused person was described as Pramod Thakkar. Modus operandi: hit with blunt object. Victim profile: neighbour. No established connection to another FIR is recorded in this narrative.
FIR/2022/00009,Waghodia PS,Vadodara,09-01-2022,Robbery,Minal Gohil,"has tattoo on right arm, frequent offender",bank branch,group ambush on road,small trader,,Complainant reported a robbery incident at bank branch. An accused person was described as Minal Gohil. Modus operandi: group ambush on road. Victim profile: small trader. No established connection to another FIR is recorded in this narrative.
FIR/2024/00010,Bhaktinagar PS,Rajkot,02-08-2024,Extortion,Pooja Iyer,"speaks with slight accent, claims to be from Rajasthan",business premises,online blackmail with personal data,property owner,,Complainant reported a extortion incident at business premises. An accused person was described as Pooja Iyer. Modus operandi: online blackmail with personal data. Victim profile: property owner. No established connection to another FIR is recorded in this narrative.
FIR/2023/00011,Fatehgunj PS,Vadodara,25-07-2023,Murder,Suresh Solanki,"fair complexion, medium build, usually seen on motorcycle",hotel room,poisoned food,family member,,Complainant reported a murder incident at hotel room. An accused person was described as Suresh Solanki. Modus operandi: poisoned food. Victim profile: family member. No established connection to another FIR is recorded in this narrative.
FIR/2023/00012,Visnagar PS,Mehsana,03-04-2023,Cybercrime - Fraud,Mukesh Verma,"speaks with slight accent, claims to be from Rajasthan",email,UPI payment fraud via QR code,online shopper,,Complainant reported a cybercrime - fraud incident at email. An accused person was described as Mukesh Verma. Modus operandi: UPI payment fraud via QR code. Victim profile: online shopper. No established connection to another FIR is recorded in this narrative.
FIR/2024/00013,Alkapuri PS,Vadodara,26-11-2024,Burglary,Kiran Bhatt,"drives a blue Activa scooter, identified by multiple witnesses",residential flat,scaled compound wall,shop owner,,Complainant reported a burglary incident at residential flat. An accused person was described as Kiran Bhatt. Modus operandi: scaled compound wall. Victim profile: shop owner. No established connection to another FIR is recorded in this narrative.
FIR/2022/00014,Kalavad Road PS,Rajkot,05-12-2022,Cybercrime - Harassment,Mukesh Yadav,"fair complexion, medium build, usually seen on motorcycle",dating app,hacked personal email to extort,social worker,,Complainant reported a cybercrime - harassment incident at dating app. An accused person was described as Mukesh Yadav. Modus operandi: hacked personal email to extort. Victim profile: social worker. No established connection to another FIR is recorded in this narrative.
FIR/2023/00015,Nikol PS,Ahmedabad,04-01-2023,Theft,Priya Shah,"fair complexion, medium build, usually seen on motorcycle",ATM kiosk,pick-pocketing in crowd,tourist,,Complainant reported a theft incident at ATM kiosk. An accused person was described as Priya Shah. Modus operandi: pick-pocketing in crowd. Victim profile: tourist. No established connection to another FIR is recorded in this narrative.
FIR/2023/00016,Vastrapur PS,Ahmedabad,07-03-2023,Drug Trafficking,Paresh Trivedi,"short stature, speaks Gujarati and Hindi",railway goods yard,operated through school-area peddler network,daily wager,,Complainant reported a drug trafficking incident at railway goods yard. An accused person was described as Paresh Trivedi. Modus operandi: operated through school-area peddler network. Victim profile: daily wager. No established connection to another FIR is recorded in this narrative.
FIR/2023/00017,Jambusar PS,Bharuch,21-03-2023,Financial Fraud,Minal Bhavsar,"young male approximately 22 years, student of nearby college",investment firm,forged property documents,retired government employee,,Complainant reported a financial fraud incident at investment firm. An accused person was described as Minal Bhavsar. Modus operandi: forged property documents. Victim profile: retired government employee. No established connection to another FIR is recorded in this narrative.
FIR/2023/00018,Varachha PS,Surat,08-02-2023,Kidnapping,Bhavna Trivedi,"has previous record of theft, known to local beat officer",school vicinity,lured victim with false job offer,young woman,,Complainant reported a kidnapping incident at school vicinity. An accused person was described as Bhavna Trivedi. Modus operandi: lured victim with false job offer. Victim profile: young woman. No established connection to another FIR is recorded in this narrative.
FIR/2024/00019,Satellite PS,Ahmedabad,04-11-2024,Chain Snatching,Mukesh Bhatt,"drives a blue Activa scooter, identified by multiple witnesses",morning walk path,snatched from elderly victim at bus stop,market shopper,,Complainant reported a chain snatching incident at morning walk path. An accused person was described as Mukesh Bhatt. Modus operandi: snatched from elderly victim at bus stop. Victim profile: market shopper. No established connection to another FIR is recorded in this narrative.
FIR/2023/00020,Junagadh City PS,Junagadh,12-11-2023,Kidnapping,Jignesh Desai,"speaks with slight accent, claims to be from Rajasthan",victim's workplace,abducted minor from school vicinity,minor child,,Complainant reported a kidnapping incident at victim's workplace. An accused person was described as Jignesh Desai. Modus operandi: abducted minor from school vicinity. Victim profile: minor child. No established connection to another FIR is recorded in this narrative.
FIR/2024/00021,Amreli City PS,Amreli,01-06-2024,Cheating,Mukesh Yadav,"tall male with beard, known to local police",victim's residence,collected fees for non-existent services,home buyer,Yes,Complainant reported a cheating incident at victim's residence. An accused person was described as Mukesh Yadav. Modus operandi: collected fees for non-existent services. Victim profile: home buyer. This accused was previously linked to FIR in Bharuch district.
FIR/2024/00022,Varachha PS,Surat,12-08-2024,Cheating,Divya Gupta,"woman in her 30s, used to visit victim's shop",bank premises,posed as government contractor,job seeker,,Complainant reported a cheating incident at bank premises. An accused person was described as Divya Gupta. Modus operandi: posed as government contractor. Victim profile: job seeker. No established connection to another FIR is recorded in this narrative.
FIR/2023/00023,Fatehgunj PS,Vadodara,05-01-2023,Kidnapping,Dinesh Patel,"has previous record of theft, known to local beat officer",public road,lured victim with false job offer,young woman,,Complainant reported a kidnapping incident at public road. An accused person was described as Dinesh Patel. Modus operandi: lured victim with false job offer. Victim profile: young woman. No established connection to another FIR is recorded in this narrative.
FIR/2022/00024,Rajkot City PS,Rajkot,09-10-2022,Assault,Rima Mehta,"young male approximately 22 years, student of nearby college",public road,hit with blunt object,family member,,Complainant reported a assault incident at public road. An accused person was described as Rima Mehta. Modus operandi: hit with blunt object. Victim profile: family member. No established connection to another FIR is recorded in this narrative.
FIR/2023/00025,Visnagar PS,Mehsana,18-04-2023,Chain Snatching,Ruchita Mehta,"has tattoo on right arm, frequent offender",morning walk path,snatched from elderly victim at bus stop,morning walker,,Complainant reported a chain snatching incident at morning walk path. An accused person was described as Ruchita Mehta. Modus operandi: snatched from elderly victim at bus stop. Victim profile: morning walker. No established connection to another FIR is recorded in this narrative.
FIR/2022/00026,Unjha PS,Mehsana,20-12-2022,Cybercrime - Harassment,Hitesh Sharma,"speaks with slight accent, claims to be from Rajasthan",email account,shared morphed images on social media,social worker,,Complainant reported a cybercrime - harassment incident at email account. An accused person was described as Hitesh Sharma. Modus operandi: shared morphed images on social media. Victim profile: social worker. No established connection to another FIR is recorded in this narrative.
FIR/2022/00027,Borsad PS,Anand,17-08-2022,Drug Trafficking,Devang Thakkar,"dark complexion, regular visitor to the neighbourhood",nightclub,used courier service for delivery,youth,,Complainant reported a drug trafficking incident at nightclub. An accused person was described as Devang Thakkar. Modus operandi: used courier service for delivery. Victim profile: youth. No established connection to another FIR is recorded in this narrative.
FIR/2024/00028,Vallabh Vidyanagar PS,Anand,15-08-2024,Kidnapping,Devang Makwana,"has previous record of theft, known to local beat officer",bus stop,forced into vehicle,domestic worker,,Complainant reported a kidnapping incident at bus stop. An accused person was described as Devang Makwana. Modus operandi: forced into vehicle. Victim profile: domestic worker. No established connection to another FIR is recorded in this narrative.
FIR/2023/00029,Maninagar PS,Ahmedabad,06-03-2023,Kidnapping,Jalpa Joshi,"has previous record of theft, known to local beat officer",victim's workplace,kidnapped for ransom,domestic worker,,Complainant reported a kidnapping incident at victim's workplace. An accused person was described as Jalpa Joshi. Modus operandi: kidnapped for ransom. Victim profile: domestic worker. No established connection to another FIR is recorded in this narrative.
FIR/2024/00030,Rundh PS,Surat,31-10-2024,Theft,Sapna Chauhan,"wears spectacles, works as auto driver",railway station,theft during travel,student,,Complainant reported a theft incident at railway station. An accused person was described as Sapna Chauhan. Modus operandi: theft during travel. Victim profile: student. No established connection to another FIR is recorded in this narrative.
FIR/2024/00031,Gandhinagar Sector 21 PS,Gandhinagar,09-09-2024,Domestic Violence,Suresh Gupta,"has previous record of theft, known to local beat officer",family home,repeated physical assault at home,daughter-in-law,,Complainant reported a domestic violence incident at family home. An accused person was described as Suresh Gupta. Modus operandi: repeated physical assault at home. Victim profile: daughter-in-law. No established connection to another FIR is recorded in this narrative.
FIR/2023/00032,Manjalpur PS,Vadodara,26-10-2023,Cybercrime - Harassment,Bhavesh Patel,"wears spectacles, works as auto driver",fake profile,shared morphed images on social media,social worker,,Complainant reported a cybercrime - harassment incident at fake profile. An accused person was described as Bhavesh Patel. Modus operandi: shared morphed images on social media. Victim profile: social worker. No established connection to another FIR is recorded in this narrative.
FIR/2023/00033,Kalavad Road PS,Rajkot,30-01-2023,Robbery,Chirag Desai,"bald, heavy-built, runs small eatery near the area",isolated highway stretch,armed robbery at gunpoint,night shift worker,,Complainant reported a robbery incident at isolated highway stretch. An accused person was described as Chirag Desai. Modus operandi: armed robbery at gunpoint. Victim profile: night shift worker. No established connection to another FIR is recorded in this narrative.
FIR/2024/00034,Gandhinagar Sector 21 PS,Gandhinagar,29-02-2024,Vehicle Theft,Rima Rabari,"has previous record of theft, known to local beat officer",public parking lot,towed away car at night,student,,Complainant reported a vehicle theft incident at public parking lot. An accused person was described as Rima Rabari. Modus operandi: towed away car at night. Victim profile: student. No established connection to another FIR is recorded in this narrative.
FIR/2022/00035,Malviya Nagar PS,Rajkot,10-10-2022,Murder,Sunita Makwana,"fair complexion, medium build, usually seen on motorcycle",victim's residence,blunt weapon assault,property dispute party,,Complainant reported a murder incident at victim's residence. An accused person was described as Sunita Makwana. Modus operandi: blunt weapon assault. Victim profile: property dispute party. No established connection to another FIR is recorded in this narrative.
FIR/2023/00036,Anklav PS,Anand,28-04-2023,Cybercrime - Fraud,Suresh Solanki,"short stature, speaks Gujarati and Hindi",email,fake lottery call,bank account holder,Yes,Complainant reported a cybercrime - fraud incident at email. An accused person was described as Suresh Solanki. Modus operandi: fake lottery call. Victim profile: bank account holder. This accused was previously linked to FIR in Junagadh district.
FIR/2022/00037,Gandhinagar Sector 21 PS,Gandhinagar,28-09-2022,Domestic Violence,Bina Bhatt,"short stature, speaks Gujarati and Hindi",in-laws' home,mental harassment over dowry,minor child,,Complainant reported a domestic violence incident at in-laws' home. An accused person was described as Bina Bhatt. Modus operandi: mental harassment over dowry. Victim profile: minor child. No established connection to another FIR is recorded in this narrative.
FIR/2022/00038,Nikol PS,Ahmedabad,13-08-2022,Drug Trafficking,Jalpa Parmar,"tall male with beard, known to local police",railway goods yard,used courier service for delivery,daily wager,,Complainant reported a drug trafficking incident at railway goods yard. An accused person was described as Jalpa Parmar. Modus operandi: used courier service for delivery. Victim profile: daily wager. No established connection to another FIR is recorded in this narrative.
FIR/2023/00039,Borsad PS,Anand,20-08-2023,Assault,Rima Trivedi,"speaks with slight accent, claims to be from Rajasthan",street,physical altercation with weapon,family member,,Complainant reported a assault incident at street. An accused person was described as Rima Trivedi. Modus operandi: physical altercation with weapon. Victim profile: family member. No established connection to another FIR is recorded in this narrative.
FIR/2024/00040,Salabatpura PS,Surat,11-10-2024,Drug Trafficking,Ruchita Nair,"woman in her 30s, used to visit victim's shop",school vicinity,transported narcotics concealed in vegetables,unemployed youth,,Complainant reported a drug trafficking incident at school vicinity. An accused person was described as Ruchita Nair. Modus operandi: transported narcotics concealed in vegetables. Victim profile: unemployed youth. No established connection to another FIR is recorded in this narrative.
FIR/2023/00041,Veraval PS,Junagadh,09-01-2023,Extortion,Priya Gupta,"tall male with beard, known to local police",victim's shop,demanded money using threats,contractor,,Complainant reported a extortion incident at victim's shop. An accused person was described as Priya Gupta. Modus operandi: demanded money using threats. Victim profile: contractor. No established connection to another FIR is recorded in this narrative.
FIR/2022/00042,Maninagar PS,Ahmedabad,17-06-2022,Chain Snatching,Nilesh Makwana,"bald, heavy-built, runs small eatery near the area",morning walk path,grabbed chain near temple area,morning walker,,Complainant reported a chain snatching incident at morning walk path. An accused person was described as Nilesh Makwana. Modus operandi: grabbed chain near temple area. Victim profile: morning walker. No established connection to another FIR is recorded in this narrative.
FIR/2023/00043,Keshod PS,Junagadh,04-10-2023,Drug Trafficking,Manish Nair,"wears spectacles, works as auto driver",nightclub,transported narcotics concealed in vegetables,youth,,Complainant reported a drug trafficking incident at nightclub. An accused person was described as Manish Nair. Modus operandi: transported narcotics concealed in vegetables. Victim profile: youth. No established connection to another FIR is recorded in this narrative.
FIR/2023/00044,Talala PS,Junagadh,19-05-2023,Vehicle Theft,Priya Chauhan,"woman in her 30s, used to visit victim's shop",public parking lot,towed away car at night,student,,Complainant reported a vehicle theft incident at public parking lot. An accused person was described as Priya Chauhan. Modus operandi: towed away car at night. Victim profile: student. No established connection to another FIR is recorded in this narrative.
FIR/2023/00045,Veraval PS,Junagadh,09-12-2023,Assault,Jignesh Desai,"drives a blue Activa scooter, identified by multiple witnesses",workplace,attacked with iron rod,business rival,Yes,Complainant reported a assault incident at workplace. An accused person was described as Jignesh Desai. Modus operandi: attacked with iron rod. Victim profile: business rival. This accused was previously linked to FIR in Surat district.
FIR/2022/00046,Kalol PS,Gandhinagar,13-04-2022,Cybercrime - Fraud,Dinesh Chavda,"bald, heavy-built, runs small eatery near the area",fake website,UPI payment fraud via QR code,online shopper,,Complainant reported a cybercrime - fraud incident at fake website. An accused person was described as Dinesh Chavda. Modus operandi: UPI payment fraud via QR code. Victim profile: online shopper. No established connection to another FIR is recorded in this narrative.
FIR/2022/00047,Visnagar PS,Mehsana,30-09-2022,Drug Trafficking,Rajan Shah,"woman in her 30s, used to visit victim's shop",railway goods yard,used courier service for delivery,school student,Yes,Complainant reported a drug trafficking incident at railway goods yard. An accused person was described as Rajan Shah. Modus operandi: used courier service for delivery. Victim profile: school student. This accused was previously linked to FIR in Anand district.
FIR/2022/00048,Savarkundla PS,Amreli,15-01-2022,Assault,Sapna Rabari,"works as electrician, had access to the building",street,acid attack,road user,,Complainant reported a assault incident at street. An accused person was described as Sapna Rabari. Modus operandi: acid attack. Victim profile: road user. No established connection to another FIR is recorded in this narrative.
FIR/2022/00049,Malviya Nagar PS,Rajkot,26-08-2022,Cheating,Nisha Nair,"young male approximately 22 years, student of nearby college",online platform,sold fake gold jewellery,farmer,,Complainant reported a cheating incident at online platform. An accused person was described as Nisha Nair. Modus operandi: sold fake gold jewellery. Victim profile: farmer. No established connection to another FIR is recorded in this narrative.
FIR/2024/00050,Ghatlodia PS,Ahmedabad,12-12-2024,Cheating,Chirag Luhar,"works as electrician, had access to the building",registrar office,collected fees for non-existent services,small business owner,,Complainant reported a cheating incident at registrar office. An accused person was described as Chirag Luhar. Modus operandi: collected fees for non-existent services. Victim profile: small business owner. No established connection to another FIR is recorded in this narrative.
FIR/2024/00051,Anand City PS,Anand,18-09-2024,Assault,Pooja Bhavsar,"migrant worker, resided near the incident site for 2 months",workplace,acid attack,road user,,Complainant reported a assault incident at workplace. An accused person was described as Pooja Bhavsar. Modus operandi: acid attack. Victim profile: road user. No established connection to another FIR is recorded in this narrative.
FIR/2022/00052,Veraval PS,Junagadh,18-08-2022,Domestic Violence,Priya Mehta,"migrant worker, resided near the incident site for 2 months",family home,mental harassment over dowry,daughter-in-law,,Complainant reported a domestic violence incident at family home. An accused person was described as Priya Mehta. Modus operandi: mental harassment over dowry. Victim profile: daughter-in-law. No established connection to another FIR is recorded in this narrative.
FIR/2022/00053,Rajkot City PS,Rajkot,01-02-2022,Chain Snatching,Dinesh Thakkar,"short stature, speaks Gujarati and Hindi",market lane,grabbed chain near temple area,morning walker,,Complainant reported a chain snatching incident at market lane. An accused person was described as Dinesh Thakkar. Modus operandi: grabbed chain near temple area. Victim profile: morning walker. No established connection to another FIR is recorded in this narrative.
FIR/2022/00054,Gandhinagar Sector 7 PS,Gandhinagar,26-03-2022,Robbery,Bhavna Desai,"dark complexion, regular visitor to the neighbourhood",bank branch,robbery at knifepoint,bank customer,,Complainant reported a robbery incident at bank branch. An accused person was described as Bhavna Desai. Modus operandi: robbery at knifepoint. Victim profile: bank customer. No established connection to another FIR is recorded in this narrative.
FIR/2022/00055,Fatehgunj PS,Vadodara,27-01-2022,Murder,Varsha Iyer,"works as electrician, had access to the building",roadside,hired contract killer,property dispute party,,Complainant reported a murder incident at roadside. An accused person was described as Varsha Iyer. Modus operandi: hired contract killer. Victim profile: property dispute party. No established connection to another FIR is recorded in this narrative.
FIR/2022/00056,Amreli City PS,Amreli,15-03-2022,Chain Snatching,Sanjay Vaghela,"regular at local paan shop, recognised by CCTV footage",bus stop,two-bike accomplice grab and flee,morning walker,,Complainant reported a chain snatching incident at bus stop. An accused person was described as Sanjay Vaghela. Modus operandi: two-bike accomplice grab and flee. Victim profile: morning walker. No established connection to another FIR is recorded in this narrative.
FIR/2023/00057,Ghatlodia PS,Ahmedabad,12-05-2023,Domestic Violence,Bhavesh Joshi,"has tattoo on right arm, frequent offender",rented accommodation,repeated physical assault at home,spouse,,Complainant reported a domestic violence incident at rented accommodation. An accused person was described as Bhavesh Joshi. Modus operandi: repeated physical assault at home. Victim profile: spouse. No established connection to another FIR is recorded in this narrative.
FIR/2022/00058,Manjalpur PS,Vadodara,25-06-2022,Theft,Nilesh Luhar,"regular at local paan shop, recognised by CCTV footage",railway station,shoplifting,tourist,,Complainant reported a theft incident at railway station. An accused person was described as Nilesh Luhar. Modus operandi: shoplifting. Victim profile: tourist. No established connection to another FIR is recorded in this narrative.
FIR/2024/00059,Malviya Nagar PS,Rajkot,16-04-2024,Financial Fraud,Rima Desai,"works as electrician, had access to the building",bank branch,impersonated bank official,NRI,,Complainant reported a financial fraud incident at bank branch. An accused person was described as Rima Desai. Modus operandi: impersonated bank official. Victim profile: NRI. No established connection to another FIR is recorded in this narrative.
FIR/2022/00060,Veraval PS,Junagadh,21-10-2022,Cheating,Paresh Joshi,"bald, heavy-built, runs small eatery near the area",registrar office,submitted fake academic certificates,home buyer,,Complainant reported a cheating incident at registrar office. An accused person was described as Paresh Joshi. Modus operandi: submitted fake academic certificates. Victim profile: home buyer. No established connection to another FIR is recorded in this narrative.
FIR/2024/00061,Visnagar PS,Mehsana,11-06-2024,Drug Trafficking,Hardik Pandya,"young male approximately 22 years, student of nearby college",railway goods yard,used coded messaging app,school student,,Complainant reported a drug trafficking incident at railway goods yard. An accused person was described as Hardik Pandya. Modus operandi: used coded messaging app. Victim profile: school student. No established connection to another FIR is recorded in this narrative.
FIR/2022/00062,Mansa PS,Gandhinagar,29-10-2022,Cybercrime - Harassment,Rekha Desai,"woman in her 30s, used to visit victim's shop",WhatsApp group,sent threatening messages online,social worker,,Complainant reported a cybercrime - harassment incident at WhatsApp group. An accused person was described as Rekha Desai. Modus operandi: sent threatening messages online. Victim profile: social worker. No established connection to another FIR is recorded in this narrative.
FIR/2022/00063,Malviya Nagar PS,Rajkot,15-10-2022,Cybercrime - Fraud,Dinesh Gupta,"drives a blue Activa scooter, identified by multiple witnesses",UPI platform,UPI payment fraud via QR code,housewife,,Complainant reported a cybercrime - fraud incident at UPI platform. An accused person was described as Dinesh Gupta. Modus operandi: UPI payment fraud via QR code. Victim profile: housewife. No established connection to another FIR is recorded in this narrative.
FIR/2024/00064,Savarkundla PS,Amreli,15-06-2024,Vehicle Theft,Divya Thakkar,"speaks with slight accent, claims to be from Rajasthan",roadside,cut steering lock,student,,Complainant reported a vehicle theft incident at roadside. An accused person was described as Divya Thakkar. Modus operandi: cut steering lock. Victim profile: student. No established connection to another FIR is recorded in this narrative.
FIR/2022/00065,Keshod PS,Junagadh,21-12-2022,Cheating,Leela Chavda,"speaks with slight accent, claims to be from Rajasthan",online platform,posed as government contractor,small business owner,,Complainant reported a cheating incident at online platform. An accused person was described as Leela Chavda. Modus operandi: posed as government contractor. Victim profile: small business owner. No established connection to another FIR is recorded in this narrative.
FIR/2024/00066,Jambusar PS,Bharuch,21-01-2024,Cybercrime - Fraud,Mukesh Yadav,"speaks with slight accent, claims to be from Rajasthan",email,fake lottery call,bank account holder,,Complainant reported a cybercrime - fraud incident at email. An accused person was described as Mukesh Yadav. Modus operandi: fake lottery call. Victim profile: bank account holder. No established connection to another FIR is recorded in this narrative.
FIR/2024/00067,Aji Dam PS,Rajkot,13-06-2024,Drug Trafficking,Komal Modi,"dark complexion, regular visitor to the neighbourhood",national highway,sold near highway dhabas,unemployed youth,,Complainant reported a drug trafficking incident at national highway. An accused person was described as Komal Modi. Modus operandi: sold near highway dhabas. Victim profile: unemployed youth. No established connection to another FIR is recorded in this narrative.
FIR/2023/00068,Mansa PS,Gandhinagar,16-02-2023,Burglary,Rakesh Solanki,"wears spectacles, works as auto driver",warehouse,used duplicate keys,landlord,,Complainant reported a burglary incident at warehouse. An accused person was described as Rakesh Solanki. Modus operandi: used duplicate keys. Victim profile: landlord. No established connection to another FIR is recorded in this narrative.
FIR/2024/00069,Alkapuri PS,Vadodara,07-05-2024,Financial Fraud,Ruchita Jadeja,"woman in her 30s, used to visit victim's shop",loan service,forged property documents,retired government employee,,Complainant reported a financial fraud incident at loan service. An accused person was described as Ruchita Jadeja. Modus operandi: forged property documents. Victim profile: retired government employee. No established connection to another FIR is recorded in this narrative.
FIR/2022/00070,Gotri PS,Vadodara,07-03-2022,Drug Trafficking,Divya Makwana,"has tattoo on right arm, frequent offender",school vicinity,used courier service for delivery,school student,,Complainant reported a drug trafficking incident at school vicinity. An accused person was described as Divya Makwana. Modus operandi: used courier service for delivery. Victim profile: school student. No established connection to another FIR is recorded in this narrative.
FIR/2023/00071,Kalol PS,Gandhinagar,19-10-2023,Robbery,Priya Makwana,"migrant worker, resided near the incident site for 2 months",bank branch,overpowered victim at night,bank customer,,Complainant reported a robbery incident at bank branch. An accused person was described as Priya Makwana. Modus operandi: overpowered victim at night. Victim profile: bank customer. No established connection to another FIR is recorded in this narrative.
FIR/2024/00072,Bharuch City PS,Bharuch,07-03-2024,Chain Snatching,Ruchita Jadeja,"works as electrician, had access to the building",temple premises,snatched gold chain from woman on bike,market shopper,,Complainant reported a chain snatching incident at temple premises. An accused person was described as Ruchita Jadeja. Modus operandi: snatched gold chain from woman on bike. Victim profile: market shopper. No established connection to another FIR is recorded in this narrative.
FIR/2023/00073,Gandhinagar Sector 21 PS,Gandhinagar,22-02-2023,Drug Trafficking,Dinesh Verma,"short stature, speaks Gujarati and Hindi",school vicinity,transported narcotics concealed in vegetables,youth,,Complainant reported a drug trafficking incident at school vicinity. An accused person was described as Dinesh Verma. Modus operandi: transported narcotics concealed in vegetables. Victim profile: youth. No established connection to another FIR is recorded in this narrative.
FIR/2022/00074,Karelibaug PS,Vadodara,02-02-2022,Assault,Chandrika Yadav,"regular at local paan shop, recognised by CCTV footage",street,hit with blunt object,daily wager,,Complainant reported a assault incident at street. An accused person was described as Chandrika Yadav. Modus operandi: hit with blunt object. Victim profile: daily wager. No established connection to another FIR is recorded in this narrative.
FIR/2023/00075,Bharuch City PS,Bharuch,16-02-2023,Financial Fraud,Jignesh Desai,"works as electrician, had access to the building",online trading platform,collected an advance and became unreachable,property owner,Yes,Complainant reported a financial fraud incident at online trading platform. An accused person was described as Jignesh Desai. Modus operandi: collected an advance and became unreachable. Victim profile: property owner. This accused was previously linked to FIR in Junagadh district.
FIR/2024/00076,Ankleshwar PS,Bharuch,13-04-2024,Assault,Paresh Trivedi,"short stature, speaks Gujarati and Hindi",public road,attacked with iron rod,neighbour,,Complainant reported a assault incident at public road. An accused person was described as Paresh Trivedi. Modus operandi: attacked with iron rod. Victim profile: neighbour. No established connection to another FIR is recorded in this narrative.
FIR/2023/00077,Umra PS,Surat,04-04-2023,Drug Trafficking,Jalpa Bhavsar,"has tattoo on right arm, frequent offender",railway goods yard,used courier service for delivery,daily wager,,Complainant reported a drug trafficking incident at railway goods yard. An accused person was described as Jalpa Bhavsar. Modus operandi: used courier service for delivery. Victim profile: daily wager. No established connection to another FIR is recorded in this narrative.
FIR/2022/00078,Malviya Nagar PS,Rajkot,31-05-2022,Kidnapping,Rajan Shah,"fair complexion, medium build, usually seen on motorcycle",market area,impersonated official to abduct,minor child,Yes,Complainant reported a kidnapping incident at market area. An accused person was described as Rajan Shah. Modus operandi: impersonated official to abduct. Victim profile: minor child. This accused was previously linked to FIR in Bharuch district.
FIR/2023/00079,Borsad PS,Anand,18-03-2023,Domestic Violence,Rajan Shah,"has tattoo on right arm, frequent offender",rented accommodation,locked victim inside house,spouse,Yes,Complainant reported a domestic violence incident at rented accommodation. An accused person was described as Rajan Shah. Modus operandi: locked victim inside house. Victim profile: spouse. This accused was previously linked to FIR in Rajkot district.
FIR/2022/00080,Nikol PS,Ahmedabad,22-06-2022,Extortion,Divya Chauhan,"works as electrician, had access to the building",business premises,threatened business owner repeatedly,property owner,,Complainant reported a extortion incident at business premises. An accused person was described as Divya Chauhan. Modus operandi: threatened business owner repeatedly. Victim profile: property owner. No established connection to another FIR is recorded in this narrative.
FIR/2022/00081,Veraval PS,Junagadh,18-03-2022,Burglary,Nisha Thakkar,"young male approximately 22 years, student of nearby college",warehouse,cut a grill,family residence,,Complainant reported a burglary incident at warehouse. An accused person was described as Nisha Thakkar. Modus operandi: cut a grill. Victim profile: family residence. No established connection to another FIR is recorded in this narrative.
FIR/2023/00082,Varachha PS,Surat,25-06-2023,Chain Snatching,Pramod Rabari,"has previous record of theft, known to local beat officer",residential lane,snatched gold chain from woman on bike,morning walker,,Complainant reported a chain snatching incident at residential lane. An accused person was described as Pramod Rabari. Modus operandi: snatched gold chain from woman on bike. Victim profile: morning walker. No established connection to another FIR is recorded in this narrative.
FIR/2024/00083,Rajula PS,Amreli,26-01-2024,Domestic Violence,Mahesh Shah,"young male approximately 22 years, student of nearby college",in-laws' home,locked victim inside house,minor child,,Complainant reported a domestic violence incident at in-laws' home. An accused person was described as Mahesh Shah. Modus operandi: locked victim inside house. Victim profile: minor child. No established connection to another FIR is recorded in this narrative.
FIR/2023/00084,Athwa PS,Surat,09-01-2023,Kidnapping,Rekha Gupta,"speaks with slight accent, claims to be from Rajasthan",school vicinity,abducted minor from school vicinity,minor child,,Complainant reported a kidnapping incident at school vicinity. An accused person was described as Rekha Gupta. Modus operandi: abducted minor from school vicinity. Victim profile: minor child. No established connection to another FIR is recorded in this narrative.
FIR/2022/00085,Gandhinagar Sector 21 PS,Gandhinagar,15-01-2022,Murder,Hetal Parmar,"woman in her 30s, used to visit victim's shop",roadside,stabbed during dispute,farm labourer,,Complainant reported a murder incident at roadside. An accused person was described as Hetal Parmar. Modus operandi: stabbed during dispute. Victim profile: farm labourer. No established connection to another FIR is recorded in this narrative.
FIR/2022/00086,Gandhinagar Sector 7 PS,Gandhinagar,22-04-2022,Financial Fraud,Jalpa Bhatt,"drives a blue Activa scooter, identified by multiple witnesses",property registration office,impersonated bank official,NRI,,Complainant reported a financial fraud incident at property registration office. An accused person was described as Jalpa Bhatt. Modus operandi: impersonated bank official. Victim profile: NRI. No established connection to another FIR is recorded in this narrative.
FIR/2024/00087,Limbayat PS,Surat,29-10-2024,Cheating,Kiran Mehta,"tall male with beard, known to local police",registrar office,sold fake gold jewellery,job seeker,,Complainant reported a cheating incident at registrar office. An accused person was described as Kiran Mehta. Modus operandi: sold fake gold jewellery. Victim profile: job seeker. No established connection to another FIR is recorded in this narrative.
FIR/2023/00088,Savarkundla PS,Amreli,14-08-2023,Chain Snatching,Sapna Gupta,"speaks with slight accent, claims to be from Rajasthan",temple premises,snatched from elderly victim at bus stop,elderly woman,,Complainant reported a chain snatching incident at temple premises. An accused person was described as Sapna Gupta. Modus operandi: snatched from elderly victim at bus stop. Victim profile: elderly woman. No established connection to another FIR is recorded in this narrative.
FIR/2024/00089,Junagadh City PS,Junagadh,15-04-2024,Extortion,Bhavesh Patel,"fair complexion, medium build, usually seen on motorcycle",online messaging platform,demanded money using threats,contractor,Yes,Complainant reported a extortion incident at online messaging platform. An accused person was described as Bhavesh Patel. Modus operandi: demanded money using threats. Victim profile: contractor. This accused was previously linked to FIR in Gandhinagar district.
FIR/2024/00090,Harni PS,Vadodara,26-05-2024,Theft,Sapna Rabari,"tall male with beard, known to local police",bus stand,shoplifting,student,,Complainant reported a theft incident at bus stand. An accused person was described as Sapna Rabari. Modus operandi: shoplifting. Victim profile: student. No established connection to another FIR is recorded in this narrative.
FIR/2024/00091,Manjalpur PS,Vadodara,24-11-2024,Kidnapping,Nisha Parmar,"bald, heavy-built, runs small eatery near the area",market area,abducted minor from school vicinity,minor child,Yes,Complainant reported a kidnapping incident at market area. An accused person was described as Nisha Parmar. Modus operandi: abducted minor from school vicinity. Victim profile: minor child. This accused was previously linked to FIR in Rajkot district.
FIR/2023/00092,Maninagar PS,Ahmedabad,04-09-2023,Cybercrime - Fraud,Suresh Bhavsar,"bald, heavy-built, runs small eatery near the area",fake website,created fake online shopping portal,housewife,,Complainant reported a cybercrime - fraud incident at fake website. An accused person was described as Suresh Bhavsar. Modus operandi: created fake online shopping portal. Victim profile: housewife. No established connection to another FIR is recorded in this narrative.
FIR/2022/00093,Savarkundla PS,Amreli,23-04-2022,Cheating,Rajan Singh,"speaks with slight accent, claims to be from Rajasthan",victim's residence,submitted fake academic certificates,home buyer,,Complainant reported a cheating incident at victim's residence. An accused person was described as Rajan Singh. Modus operandi: submitted fake academic certificates. Victim profile: home buyer. No established connection to another FIR is recorded in this narrative.
FIR/2022/00094,Kalavad Road PS,Rajkot,15-09-2022,Burglary,Jalpa Bhatt,"drives a blue Activa scooter, identified by multiple witnesses",warehouse,entered through ventilation,shop owner,,Complainant reported a burglary incident at warehouse. An accused person was described as Jalpa Bhatt. Modus operandi: entered through ventilation. Victim profile: shop owner. No established connection to another FIR is recorded in this narrative.
FIR/2023/00095,Bharuch City PS,Bharuch,29-03-2023,Cheating,Mukesh Vaghela,"regular at local paan shop, recognised by CCTV footage",registrar office,posed as government contractor,shopkeeper,,Complainant reported a cheating incident at registrar office. An accused person was described as Mukesh Vaghela. Modus operandi: posed as government contractor. Victim profile: shopkeeper. No established connection to another FIR is recorded in this narrative.
FIR/2022/00096,Rajula PS,Amreli,16-01-2022,Burglary,Hetal Yadav,"short stature, speaks Gujarati and Hindi",office premises,used duplicate keys,landlord,,Complainant reported a burglary incident at office premises. An accused person was described as Hetal Yadav. Modus operandi: used duplicate keys. Victim profile: landlord. No established connection to another FIR is recorded in this narrative.
FIR/2022/00097,Ankleshwar PS,Bharuch,17-04-2022,Murder,Minal Patel,"short stature, speaks Gujarati and Hindi",roadside,strangulation during fight,domestic worker,,Complainant reported a murder incident at roadside. An accused person was described as Minal Patel. Modus operandi: strangulation during fight. Victim profile: domestic worker. No established connection to another FIR is recorded in this narrative.
FIR/2022/00098,Ankleshwar PS,Bharuch,07-08-2022,Cybercrime - Harassment,Hetal Bhatt,"works as electrician, had access to the building",social media platform,sent threatening messages online,journalist,,Complainant reported a cybercrime - harassment incident at social media platform. An accused person was described as Hetal Bhatt. Modus operandi: sent threatening messages online. Victim profile: journalist. No established connection to another FIR is recorded in this narrative.
FIR/2023/00099,Anand City PS,Anand,11-11-2023,Assault,Devang Pandya,"works as electrician, had access to the building",street,physical altercation with weapon,family member,,Complainant reported a assault incident at street. An accused person was described as Devang Pandya. Modus operandi: physical altercation with weapon. Victim profile: family member. No established connection to another FIR is recorded in this narrative.
FIR/2023/00100,Bharuch City PS,Bharuch,20-12-2023,Chain Snatching,Divya Desai,"wears spectacles, works as auto driver",morning walk path,two-bike accomplice grab and flee,market shopper,,Complainant reported a chain snatching incident at morning walk path. An accused person was described as Divya Desai. Modus operandi: two-bike accomplice grab and flee. Victim profile: market shopper. No established connection to another FIR is recorded in this narrative.
